name,year,quality,path,relative_path,folder,category,directory
Despicable Me 4,2024,2160p,/media/tushita/DATA/movies/Despicable.Me.4.2024.2160p.4K.WEB.x265.10bit.AAC5.1-[YTS.MX].mkv,Despicable.Me.4.2024.2160p.4K.WEB.x265.10bit.AAC5.1-[YTS.MX].mkv,root,uncategorized,
Nosferatu,2024,1080p,/media/tushita/DATA/movies/Nosferatu 2024 1080p WEB-DL HEVC x265 5.1 BONE.mkv,Nosferatu 2024 1080p WEB-DL HEVC x265 5.1 BONE.mkv,root,uncategorized,
The Last Airbender,2010,2160p,/media/tushita/DATA/movies/The.Last.Airbender.2010.2160p.4K.WEB.x265.10bit.AAC5.1-[YTS.MX].mkv,The.Last.Airbender.2010.2160p.4K.WEB.x265.10bit.AAC5.1-[YTS.MX].mkv,root,uncategorized,
12 Angry Men,1957,1080p,/media/tushita/DATA/movies/12 Angry Men (1957) [BluRay] [1080p] [YTS.AM]/12.Angry.Men.1957.1080p.BluRay.x264-[YTS.AM].mp4,12 Angry Men (1957) [BluRay] [1080p] [YTS.AM]/12.Angry.Men.1957.1080p.BluRay.x264-[YTS.AM].mp4,12 Angry Men (1957) [BluRay] [1080p] [YTS.AM],12 Angry Men (1957) [BluRay] [1080p] [YTS.AM],12 Angry Men (1957) [BluRay] [1080p] [YTS.AM]
A Clockwork Orange,1971,2160p,/media/tushita/DATA/movies/A Clockwork Orange (1971) [2160p] [4K] [BluRay] [5.1] [YTS.MX]/A.Clockwork.Orange.1971.2160p.4K.BluRay.x265.10bit.AAC5.1-[YTS.MX].mkv,A Clockwork Orange (1971) [2160p] [4K] [BluRay] [5.1] [YTS.MX]/A.Clockwork.Orange.1971.2160p.4K.BluRay.x265.10bit.AAC5.1-[YTS.MX].mkv,A Clockwork Orange (1971) [2160p] [4K] [BluRay] [5.1] [YTS.MX],A Clockwork Orange (1971) [2160p] [4K] [BluRay] [5.1] [YTS.MX],A Clockwork Orange (1971) [2160p] [4K] [BluRay] [5.1] [YTS.MX]
A Close Shave,1995,1080p,/media/tushita/DATA/movies/A Close Shave (1995) [1080p] [BluRay] [5.1] [YTS.MX]/A.Close.Shave.1995.1080p.BluRay.x264.AAC5.1-[YTS.MX].mp4,A Close Shave (1995) [1080p] [BluRay] [5.1] [YTS.MX]/A.Close.Shave.1995.1080p.BluRay.x264.AAC5.1-[YTS.MX].mp4,A Close Shave (1995) [1080p] [BluRay] [5.1] [YTS.MX],A Close Shave (1995) [1080p] [BluRay] [5.1] [YTS.MX],A Close Shave (1995) [1080p] [BluRay] [5.1] [YTS.MX]
A Matter Of Loaf And Death,2008,1080p,/media/tushita/DATA/movies/A Matter Of Loaf And Death (2008) [1080p] [BluRay] [5.1] [YTS.MX]/A.Matter.Of.Loaf.And.Death.2008.1080p.BluRay.x264.AAC5.1-[YTS.MX].mp4,A Matter Of Loaf And Death (2008) [1080p] [BluRay] [5.1] [YTS.MX]/A.Matter.Of.Loaf.And.Death.2008.1080p.BluRay.x264.AAC5.1-[YTS.MX].mp4,A Matter Of Loaf And Death (2008) [1080p] [BluRay] [5.1] [YTS.MX],A Matter Of Loaf And Death (2008) [1080p] [BluRay] [5.1] [YTS.MX],A Matter Of Loaf And Death (2008) [1080p] [BluRay] [5.1] [YTS.MX]
A Minecraft Movie,2025,2160p,/media/tushita/DATA/movies/A Minecraft Movie (2025) [2160p] [4K] [WEB] [5.1] [YTS.MX]/A.Minecraft.Movie.2025.2160p.4K.WEB.x265.10bit.AAC5.1-[YTS.MX].mkv,A Minecraft Movie (2025) [2160p] [4K] [WEB] [5.1] [YTS.MX]/A.Minecraft.Movie.2025.2160p.4K.WEB.x265.10bit.AAC5.1-[YTS.MX].mkv,A Minecraft Movie (2025) [2160p] [4K] [WEB] [5.1] [YTS.MX],A Minecraft Movie (2025) [2160p] [4K] [WEB] [5.1] [YTS.MX],A Minecraft Movie (2025) [2160p] [4K] [WEB] [5.1] [YTS.MX]
A Sloth Story,2024,1080p,/media/tushita/DATA/movies/A Sloth Story (2024) [1080p] [WEBRip] [5.1] [YTS.MX]/A.Sloth.Story.2024.1080p.WEBRip.x264.AAC5.1-[YTS.MX].mp4,A Sloth Story (2024) [1080p] [WEBRip] [5.1] [YTS.MX]/A.Sloth.Story.2024.1080p.WEBRip.x264.AAC5.1-[YTS.MX].mp4,A Sloth Story (2024) [1080p] [WEBRip] [5.1] [YTS.MX],A Sloth Story (2024) [1080p] [WEBRip] [5.1] [YTS.MX],A Sloth Story (2024) [1080p] [WEBRip] [5.1] [YTS.MX]
Alien,1979,2160p,/media/tushita/DATA/movies/Alien (1979) [DC] [2160p] [4K] [BluRay] [5.1] [YTS.MX]/Alien.1979.DC.2160p.4K.BluRay.x265.10bit.AAC5.1-[YTS.MX].mkv,Alien (1979) [DC] [2160p] [4K] [BluRay] [5.1] [YTS.MX]/Alien.1979.DC.2160p.4K.BluRay.x265.10bit.AAC5.1-[YTS.MX].mkv,Alien (1979) [DC] [2160p] [4K] [BluRay] [5.1] [YTS.MX],Alien (1979) [DC] [2160p] [4K] [BluRay] [5.1] [YTS.MX],Alien (1979) [DC] [2160p] [4K] [BluRay] [5.1] [YTS.MX]
Alien Covenant,2017,2160p,/media/tushita/DATA/movies/Alien Covenant (2017) [2160p] [4K] [BluRay] [5.1] [YTS.MX]/Alien.Covenant.2017.2160p.4K.BluRay.x265.10bit.AAC5.1-[YTS.MX].mkv,Alien Covenant (2017) [2160p] [4K] [BluRay] [5.1] [YTS.MX]/Alien.Covenant.2017.2160p.4K.BluRay.x265.10bit.AAC5.1-[YTS.MX].mkv,Alien Covenant (2017) [2160p] [4K] [BluRay] [5.1] [YTS.MX],Alien Covenant (2017) [2160p] [4K] [BluRay] [5.1] [YTS.MX],Alien Covenant (2017) [2160p] [4K] [BluRay] [5.1] [YTS.MX]
Alien Romulus,2024,2160p,/media/tushita/DATA/movies/Alien Romulus (2024) [2160p] [4K] [WEB] [5.1] [YTS.MX]/Alien.Romulus.2024.2160p.4K.WEB.x265.10bit.AAC5.1-[YTS.MX].mkv,Alien Romulus (2024) [2160p] [4K] [WEB] [5.1] [YTS.MX]/Alien.Romulus.2024.2160p.4K.WEB.x265.10bit.AAC5.1-[YTS.MX].mkv,Alien Romulus (2024) [2160p] [4K] [WEB] [5.1] [YTS.MX],Alien Romulus (2024) [2160p] [4K] [WEB] [5.1] [YTS.MX],Alien Romulus (2024) [2160p] [4K] [WEB] [5.1] [YTS.MX]
Aliens,1986,2160p,/media/tushita/DATA/movies/Aliens (1986) [2160p] [4K] [WEB] [5.1] [YTS.MX]/Aliens.1986.2160p.4K.WEB.x265.10bit.AAC5.1-[YTS.MX].mkv,Aliens (1986) [2160p] [4K] [WEB] [5.1] [YTS.MX]/Aliens.1986.2160p.4K.WEB.x265.10bit.AAC5.1-[YTS.MX].mkv,Aliens (1986) [2160p] [4K] [WEB] [5.1] [YTS.MX],Aliens (1986) [2160p] [4K] [WEB] [5.1] [YTS.MX],Aliens (1986) [2160p] [4K] [WEB] [5.1] [YTS.MX]
Apocalypse Now,1979,2160p,/media/tushita/DATA/movies/Apocalypse Now (1979) [2160p] [4K] [BluRay] [5.1] [YTS.MX]/Apocalypse.Now.1979.2160p.4K.BluRay.x265.10bit.AAC5.1-[YTS.MX].mkv,Apocalypse Now (1979) [2160p] [4K] [BluRay] [5.1] [YTS.MX]/Apocalypse.Now.1979.2160p.4K.BluRay.x265.10bit.AAC5.1-[YTS.MX].mkv,Apocalypse Now (1979) [2160p] [4K] [BluRay] [5.1] [YTS.MX],Apocalypse Now (1979) [2160p] [4K] [BluRay] [5.1] [YTS.MX],Apocalypse Now (1979) [2160p] [4K] [BluRay] [5.1] [YTS.MX]
Beetlejuice Beetlejuice,2024,1080p,/media/tushita/DATA/movies/Beetlejuice Beetlejuice (2024) [1080p] [WEBRip] [5.1] [YTS.MX]/Beetlejuice.Beetlejuice.2024.1080p.WEBRip.x264.AAC5.1-[YTS.MX].mp4,Beetlejuice Beetlejuice (2024) [1080p] [WEBRip] [5.1] [YTS.MX]/Beetlejuice.Beetlejuice.2024.1080p.WEBRip.x264.AAC5.1-[YTS.MX].mp4,Beetlejuice Beetlejuice (2024) [1080p] [WEBRip] [5.1] [YTS.MX],Beetlejuice Beetlejuice (2024) [1080p] [WEBRip] [5.1] [YTS.MX],Beetlejuice Beetlejuice (2024) [1080p] [WEBRip] [5.1] [YTS.MX]
Hellboy The Crooked Man,2024,1080p,/media/tushita/DATA/movies/Hellboy The Crooked Man (2024) [1080p] [WEBRip] [5.1] [YTS.MX]/Hellboy.The.Crooked.Man.2024.1080p.WEBRip.x264.AAC5.1-[YTS.MX].mp4,Hellboy The Crooked Man (2024) [1080p] [WEBRip] [5.1] [YTS.MX]/Hellboy.The.Crooked.Man.2024.1080p.WEBRip.x264.AAC5.1-[YTS.MX].mp4,Hellboy The Crooked Man (2024) [1080p] [WEBRip] [5.1] [YTS.MX],Hellboy The Crooked Man (2024) [1080p] [WEBRip] [5.1] [YTS.MX],Hellboy The Crooked Man (2024) [1080p] [WEBRip] [5.1] [YTS.MX]
How To Train Your Dragon,2010,2160p,/media/tushita/DATA/movies/How To Train Your Dragon (2010) [2160p] [4K] [BluRay] [5.1] [YTS.MX]/How.To.Train.Your.Dragon.2010.2160p.4K.BluRay.x265.10bit.AAC5.1-[YTS.MX].mkv,How To Train Your Dragon (2010) [2160p] [4K] [BluRay] [5.1] [YTS.MX]/How.To.Train.Your.Dragon.2010.2160p.4K.BluRay.x265.10bit.AAC5.1-[YTS.MX].mkv,How To Train Your Dragon (2010) [2160p] [4K] [BluRay] [5.1] [YTS.MX],How To Train Your Dragon (2010) [2160p] [4K] [BluRay] [5.1] [YTS.MX],How To Train Your Dragon (2010) [2160p] [4K] [BluRay] [5.1] [YTS.MX]
How To Train Your Dragon Homecoming,2019,1080p,/media/tushita/DATA/movies/How To Train Your Dragon Homecoming (2019) [1080p] [WEBRip] [5.1] [YTS.MX]/How.To.Train.Your.Dragon.Homecoming.2019.1080p.WEBRip.x264.AAC5.1-[YTS.MX].mp4,How To Train Your Dragon Homecoming (2019) [1080p] [WEBRip] [5.1] [YTS.MX]/How.To.Train.Your.Dragon.Homecoming.2019.1080p.WEBRip.x264.AAC5.1-[YTS.MX].mp4,How To Train Your Dragon Homecoming (2019) [1080p] [WEBRip] [5.1] [YTS.MX],How To Train Your Dragon Homecoming (2019) [1080p] [WEBRip] [5.1] [YTS.MX],How To Train Your Dragon Homecoming (2019) [1080p] [WEBRip] [5.1] [YTS.MX]
How To Train Your Dragon The Hidden World,2019,2160p,/media/tushita/DATA/movies/How To Train Your Dragon The Hidden World (2019) [2160p] [4K] [BluRay] [5.1] [YTS.MX]/How.To.Train.Your.Dragon.The.Hidden.World.2019.2160p.4K.BluRay.x265.10bit.AAC5.1-[YTS.MX].mkv,How To Train Your Dragon The Hidden World (2019) [2160p] [4K] [BluRay] [5.1] [YTS.MX]/How.To.Train.Your.Dragon.The.Hidden.World.2019.2160p.4K.BluRay.x265.10bit.AAC5.1-[YTS.MX].mkv,How To Train Your Dragon The Hidden World (2019) [2160p] [4K] [BluRay] [5.1] [YTS.MX],How To Train Your Dragon The Hidden World (2019) [2160p] [4K] [BluRay] [5.1] [YTS.MX],How To Train Your Dragon The Hidden World (2019) [2160p] [4K] [BluRay] [5.1] [YTS.MX]
IF,2024,2160p,/media/tushita/DATA/movies/IF (2024) [2160p] [4K] [WEB] [5.1] [YTS.MX]/IF.2024.2160p.4K.WEB.x265.10bit.AAC5.1-[YTS.MX].mkv,IF (2024) [2160p] [4K] [WEB] [5.1] [YTS.MX]/IF.2024.2160p.4K.WEB.x265.10bit.AAC5.1-[YTS.MX].mkv,IF (2024) [2160p] [4K] [WEB] [5.1] [YTS.MX],IF (2024) [2160p] [4K] [WEB] [5.1] [YTS.MX],IF (2024) [2160p] [4K] [WEB] [5.1] [YTS.MX]
Inside Out 2,2024,HD,/media/tushita/DATA/movies/Inside.Out.2.2024.V2.HDTS.c1nem4.x264-SUNSCREEN[TGx]/Inside.Out.2.2024.V2.HDTS.c1nem4.x264-SUNSCREEN.mkv,Inside.Out.2.2024.V2.HDTS.c1nem4.x264-SUNSCREEN[TGx]/Inside.Out.2.2024.V2.HDTS.c1nem4.x264-SUNSCREEN.mkv,Inside.Out.2.2024.V2.HDTS.c1nem4.x264-SUNSCREEN[TGx],Inside.Out.2.2024.V2.HDTS.c1nem4.x264-SUNSCREEN[TGx],Inside.Out.2.2024.V2.HDTS.c1nem4.x264-SUNSCREEN[TGx]
Joe Versus The Volcano,1990,1080p,/media/tushita/DATA/movies/Joe Versus The Volcano (1990) [BluRay] [1080p] [YTS.AM]/Joe.Versus.The.Volcano.1990.1080p.BluRay.x264-[YTS.AM].mp4,Joe Versus The Volcano (1990) [BluRay] [1080p] [YTS.AM]/Joe.Versus.The.Volcano.1990.1080p.BluRay.x264-[YTS.AM].mp4,Joe Versus The Volcano (1990) [BluRay] [1080p] [YTS.AM],Joe Versus The Volcano (1990) [BluRay] [1080p] [YTS.AM],Joe Versus The Volcano (1990) [BluRay] [1080p] [YTS.AM]
Kung Fu Panda 4,2024,2160p,/media/tushita/DATA/movies/Kung Fu Panda 4 (2024) [2160p] [4K] [WEB] [5.1] [YTS.MX]/Kung.Fu.Panda.4.2024.2160p.4K.WEB.x265.10bit.AAC5.1-[YTS.MX].mkv,Kung Fu Panda 4 (2024) [2160p] [4K] [WEB] [5.1] [YTS.MX]/Kung.Fu.Panda.4.2024.2160p.4K.WEB.x265.10bit.AAC5.1-[YTS.MX].mkv,Kung Fu Panda 4 (2024) [2160p] [4K] [WEB] [5.1] [YTS.MX],Kung Fu Panda 4 (2024) [2160p] [4K] [WEB] [5.1] [YTS.MX],Kung Fu Panda 4 (2024) [2160p] [4K] [WEB] [5.1] [YTS.MX]
Lego Star Wars Terrifying Tales,2021,2160p,/media/tushita/DATA/movies/Lego Star Wars Terrifying Tales (2021) [2160p] [4K] [WEB] [HDR] [5.1] [YTS.MX]/Lego.Star.Wars.Terrifying.Tales.2021.2160p.4K.WEB.x265.10bit.HDR.AAC5.1-[YTS.MX].mkv,Lego Star Wars Terrifying Tales (2021) [2160p] [4K] [WEB] [HDR] [5.1] [YTS.MX]/Lego.Star.Wars.Terrifying.Tales.2021.2160p.4K.WEB.x265.10bit.HDR.AAC5.1-[YTS.MX].mkv,Lego Star Wars Terrifying Tales (2021) [2160p] [4K] [WEB] [HDR] [5.1] [YTS.MX],Lego Star Wars Terrifying Tales (2021) [2160p] [4K] [WEB] [HDR] [5.1] [YTS.MX],Lego Star Wars Terrifying Tales (2021) [2160p] [4K] [WEB] [HDR] [5.1] [YTS.MX]
Leo,2023,2160p,/media/tushita/DATA/movies/Leo (2023) [2160p] [4K] [WEB] [5.1] [YTS.MX]/Leo.2023.2160p.4K.WEB.x265.10bit.AAC5.1-[YTS.MX].mkv,Leo (2023) [2160p] [4K] [WEB] [5.1] [YTS.MX]/Leo.2023.2160p.4K.WEB.x265.10bit.AAC5.1-[YTS.MX].mkv,Leo (2023) [2160p] [4K] [WEB] [5.1] [YTS.MX],Leo (2023) [2160p] [4K] [WEB] [5.1] [YTS.MX],Leo (2023) [2160p] [4K] [WEB] [5.1] [YTS.MX]
Little Emma,2024,1080p,/media/tushita/DATA/movies/Little Emma (2024) [1080p] [WEBRip] [5.1] [YTS.MX]/Little.Emma.2024.1080p.WEBRip.x264.AAC5.1-[YTS.MX].mp4,Little Emma (2024) [1080p] [WEBRip] [5.1] [YTS.MX]/Little.Emma.2024.1080p.WEBRip.x264.AAC5.1-[YTS.MX].mp4,Little Emma (2024) [1080p] [WEBRip] [5.1] [YTS.MX],Little Emma (2024) [1080p] [WEBRip] [5.1] [YTS.MX],Little Emma (2024) [1080p] [WEBRip] [5.1] [YTS.MX]
Mickey 17,2025,2160p,/media/tushita/DATA/movies/Mickey 17 (2025) [2160p] [4K] [WEB] [5.1] [YTS.MX]/Mickey.17.2025.2160p.4K.WEB.x265.10bit.AAC5.1-[YTS.MX].mkv,Mickey 17 (2025) [2160p] [4K] [WEB] [5.1] [YTS.MX]/Mickey.17.2025.2160p.4K.WEB.x265.10bit.AAC5.1-[YTS.MX].mkv,Mickey 17 (2025) [2160p] [4K] [WEB] [5.1] [YTS.MX],Mickey 17 (2025) [2160p] [4K] [WEB] [5.1] [YTS.MX],Mickey 17 (2025) [2160p] [4K] [WEB] [5.1] [YTS.MX]
Mighty Morphin Power Rangers Once Always,2023,1080p,/media/tushita/DATA/movies/Mighty Morphin Power Rangers Once Always (2023) [1080p] [WEBRip] [5.1] [YTS.MX]/Mighty.Morphin.Power.Rangers.Once.Always.2023.1080p.WEBRip.x264.AAC5.1-[YTS.MX].mp4,Mighty Morphin Power Rangers Once Always (2023) [1080p] [WEBRip] [5.1] [YTS.MX]/Mighty.Morphin.Power.Rangers.Once.Always.2023.1080p.WEBRip.x264.AAC5.1-[YTS.MX].mp4,Mighty Morphin Power Rangers Once Always (2023) [1080p] [WEBRip] [5.1] [YTS.MX],Mighty Morphin Power Rangers Once Always (2023) [1080p] [WEBRip] [5.1] [YTS.MX],Mighty Morphin Power Rangers Once Always (2023) [1080p] [WEBRip] [5.1] [YTS.MX]
Mighty Morphin Power Rangers The Movie,1995,1080p,/media/tushita/DATA/movies/Mighty Morphin Power Rangers The Movie (1995) [1080p] [BluRay] [5.1] [YTS.MX]/Mighty.Morphin.Power.Rangers.The.Movie.1995.1080p.BluRay.x264.AAC5.1-[YTS.MX].mp4,Mighty Morphin Power Rangers The Movie (1995) [1080p] [BluRay] [5.1] [YTS.MX]/Mighty.Morphin.Power.Rangers.The.Movie.1995.1080p.BluRay.x264.AAC5.1-[YTS.MX].mp4,Mighty Morphin Power Rangers The Movie (1995) [1080p] [BluRay] [5.1] [YTS.MX],Mighty Morphin Power Rangers The Movie (1995) [1080p] [BluRay] [5.1] [YTS.MX],Mighty Morphin Power Rangers The Movie (1995) [1080p] [BluRay] [5.1] [YTS.MX]
Moana 2,2024,2160p,/media/tushita/DATA/movies/Moana 2 (2024) [2160p] [4K] [WEB] [5.1] [YTS.MX]/Moana.2.2024.2160p.4K.WEB.x265.10bit.AAC5.1-[YTS.MX].mkv,Moana 2 (2024) [2160p] [4K] [WEB] [5.1] [YTS.MX]/Moana.2.2024.2160p.4K.WEB.x265.10bit.AAC5.1-[YTS.MX].mkv,Moana 2 (2024) [2160p] [4K] [WEB] [5.1] [YTS.MX],Moana 2 (2024) [2160p] [4K] [WEB] [5.1] [YTS.MX],Moana 2 (2024) [2160p] [4K] [WEB] [5.1] [YTS.MX]
Blade Runner 2049,2017,2160p,/media/tushita/DATA/movies/Blade Runner 2049 (2017) [2160p] [4K] [BluRay] [5.1] [YTS.MX]/Blade.Runner.2049.2017.2160p.4K.BluRay.x265.10bit.AAC5.1-[YTS.MX].mkv,Blade Runner 2049 (2017) [2160p] [4K] [BluRay] [5.1] [YTS.MX]/Blade.Runner.2049.2017.2160p.4K.BluRay.x265.10bit.AAC5.1-[YTS.MX].mkv,Blade Runner 2049 (2017) [2160p] [4K] [BluRay] [5.1] [YTS.MX],Blade Runner 2049 (2017) [2160p] [4K] [BluRay] [5.1] [YTS.MX],Blade Runner 2049 (2017) [2160p] [4K] [BluRay] [5.1] [YTS.MX]
Charade,1963,1080p,/media/tushita/DATA/movies/Charade (1963) [BluRay] [1080p] [YTS.AM]/Charade.1963.1080p.BluRay.x264-[YTS.AM].mp4,Charade (1963) [BluRay] [1080p] [YTS.AM]/Charade.1963.1080p.BluRay.x264-[YTS.AM].mp4,Charade (1963) [BluRay] [1080p] [YTS.AM],Charade (1963) [BluRay] [1080p] [YTS.AM],Charade (1963) [BluRay] [1080p] [YTS.AM]
Chicken Run,2000,1080p,/media/tushita/DATA/movies/Chicken Run (2000) [1080p]/Chicken.Run.2000.1080p.BrRip.x264.Deceit.YIFY.mp4,Chicken Run (2000) [1080p]/Chicken.Run.2000.1080p.BrRip.x264.Deceit.YIFY.mp4,Chicken Run (2000) [1080p],Chicken Run (2000) [1080p],Chicken Run (2000) [1080p]
Chicken Run Dawn Of The Nugget,2023,1080p,/media/tushita/DATA/movies/Chicken Run Dawn Of The Nugget (2023) [1080p] [WEBRip] [x265] [10bit] [5.1] [YTS.MX]/Chicken.Run.Dawn.Of.The.Nugget.2023.1080p.WEBRip.x265.10bit.AAC5.1-[YTS.MX].mp4,Chicken Run Dawn Of The Nugget (2023) [1080p] [WEBRip] [x265] [10bit] [5.1] [YTS.MX]/Chicken.Run.Dawn.Of.The.Nugget.2023.1080p.WEBRip.x265.10bit.AAC5.1-[YTS.MX].mp4,Chicken Run Dawn Of The Nugget (2023) [1080p] [WEBRip] [x265] [10bit] [5.1] [YTS.MX],Chicken Run Dawn Of The Nugget (2023) [1080p] [WEBRip] [x265] [10bit] [5.1] [YTS.MX],Chicken Run Dawn Of The Nugget (2023) [1080p] [WEBRip] [x265] [10bit] [5.1] [YTS.MX]
Conan The Barbarian,1982,1080p,/media/tushita/DATA/movies/Conan The Barbarian (1982) [1080p] [YTS.AG]/Conan.The.Barbarian.1982.1080p.BluRay.x264-[YTS.AG].mp4,Conan The Barbarian (1982) [1080p] [YTS.AG]/Conan.The.Barbarian.1982.1080p.BluRay.x264-[YTS.AG].mp4,Conan The Barbarian (1982) [1080p] [YTS.AG],Conan The Barbarian (1982) [1080p] [YTS.AG],Conan The Barbarian (1982) [1080p] [YTS.AG]
Conan The Destroyer,1984,1080p,/media/tushita/DATA/movies/Conan The Destroyer (1984) [1080p] [YTS.AG]/Conan.The.Destroyer.1984.1080p.BluRay.x264-[YTS.AG].mp4,Conan The Destroyer (1984) [1080p] [YTS.AG]/Conan.The.Destroyer.1984.1080p.BluRay.x264-[YTS.AG].mp4,Conan The Destroyer (1984) [1080p] [YTS.AG],Conan The Destroyer (1984) [1080p] [YTS.AG],Conan The Destroyer (1984) [1080p] [YTS.AG]
Demolition Man,1993,2160p,/media/tushita/DATA/movies/Demolition Man (1993) [2160p] [4K] [BluRay] [5.1] [YTS.MX]/Demolition.Man.1993.2160p.4K.BluRay.x265.10bit.AAC5.1-[YTS.MX].mkv,Demolition Man (1993) [2160p] [4K] [BluRay] [5.1] [YTS.MX]/Demolition.Man.1993.2160p.4K.BluRay.x265.10bit.AAC5.1-[YTS.MX].mkv,Demolition Man (1993) [2160p] [4K] [BluRay] [5.1] [YTS.MX],Demolition Man (1993) [2160p] [4K] [BluRay] [5.1] [YTS.MX],Demolition Man (1993) [2160p] [4K] [BluRay] [5.1] [YTS.MX]
Despicable Me 4,2024,2160p,/media/tushita/DATA/movies/Despicable Me 4 (2024) [2160p] [4K] [WEB] [5.1] [YTS.MX]/Despicable.Me.4.2024.2160p.4K.WEB.x265.10bit.AAC5.1-[YTS.MX].mkv,Despicable Me 4 (2024) [2160p] [4K] [WEB] [5.1] [YTS.MX]/Despicable.Me.4.2024.2160p.4K.WEB.x265.10bit.AAC5.1-[YTS.MX].mkv,Despicable Me 4 (2024) [2160p] [4K] [WEB] [5.1] [YTS.MX],Despicable Me 4 (2024) [2160p] [4K] [WEB] [5.1] [YTS.MX],Despicable Me 4 (2024) [2160p] [4K] [WEB] [5.1] [YTS.MX]
Moonshine Highway,1996,1080p,/media/tushita/DATA/movies/Moonshine Highway (1996) [1080p] [WEBRip] [YTS.MX]/Moonshine.Highway.1996.1080p.WEBRip.x264.AAC-[YTS.MX].mp4,Moonshine Highway (1996) [1080p] [WEBRip] [YTS.MX]/Moonshine.Highway.1996.1080p.WEBRip.x264.AAC-[YTS.MX].mp4,Moonshine Highway (1996) [1080p] [WEBRip] [YTS.MX],Moonshine Highway (1996) [1080p] [WEBRip] [YTS.MX],Moonshine Highway (1996) [1080p] [WEBRip] [YTS.MX]
My Cousin Vinny,1992,1080p,/media/tushita/DATA/movies/My Cousin Vinny (1992) [1080p] [YTS.AG]/My.Cousin.Vinny.1992.1080p.BluRay.x264-[YTS.AG].mp4,My Cousin Vinny (1992) [1080p] [YTS.AG]/My.Cousin.Vinny.1992.1080p.BluRay.x264-[YTS.AG].mp4,My Cousin Vinny (1992) [1080p] [YTS.AG],My Cousin Vinny (1992) [1080p] [YTS.AG],My Cousin Vinny (1992) [1080p] [YTS.AG]
Nausicaa of the Valley of the Wind,1984,1080p,/media/tushita/DATA/movies/Nausicaa of the Valley of the Wind (1984) 1080p [Jpn & Eng] Blu-ray (Pre-Studio Ghibli)/Nausicaa of the Valley of the Wind (1984) 1080p [Jpn & Eng] Blu-ray (Pre-Studio Ghibli).mp4,Nausicaa of the Valley of the Wind (1984) 1080p [Jpn & Eng] Blu-ray (Pre-Studio Ghibli)/Nausicaa of the Valley of the Wind (1984) 1080p [Jpn & Eng] Blu-ray (Pre-Studio Ghibli).mp4,Nausicaa of the Valley of the Wind (1984) 1080p [Jpn & Eng] Blu-ray (Pre-Studio Ghibli),Nausicaa of the Valley of the Wind (1984) 1080p [Jpn & Eng] Blu-ray (Pre-Studio Ghibli),Nausicaa of the Valley of the Wind (1984) 1080p [Jpn & Eng] Blu-ray (Pre-Studio Ghibli)
Nausicaa Of The Valley Of The Wind,1984,1080p,/media/tushita/DATA/movies/Nausicaa Of The Valley Of The Wind (1984) [JAPANESE] [1080p] [BluRay] [YTS.MX]/Nausicaa.Of.The.Valley.Of.The.Wind.1984.JAPANESE.1080p.BluRay.x264.AAC-[YTS.MX].mp4,Nausicaa Of The Valley Of The Wind (1984) [JAPANESE] [1080p] [BluRay] [YTS.MX]/Nausicaa.Of.The.Valley.Of.The.Wind.1984.JAPANESE.1080p.BluRay.x264.AAC-[YTS.MX].mp4,Nausicaa Of The Valley Of The Wind (1984) [JAPANESE] [1080p] [BluRay] [YTS.MX],Nausicaa Of The Valley Of The Wind (1984) [JAPANESE] [1080p] [BluRay] [YTS.MX],Nausicaa Of The Valley Of The Wind (1984) [JAPANESE] [1080p] [BluRay] [YTS.MX]
Over The Top,1987,1080p,/media/tushita/DATA/movies/Over The Top (1987) [REPACK] [1080p] [BluRay] [5.1] [YTS.MX]/Over.The.Top.1987.REPACK.1080p.BluRay.x264.AAC5.1-[YTS.MX].mp4,Over The Top (1987) [REPACK] [1080p] [BluRay] [5.1] [YTS.MX]/Over.The.Top.1987.REPACK.1080p.BluRay.x264.AAC5.1-[YTS.MX].mp4,Over The Top (1987) [REPACK] [1080p] [BluRay] [5.1] [YTS.MX],Over The Top (1987) [REPACK] [1080p] [BluRay] [5.1] [YTS.MX],Over The Top (1987) [REPACK] [1080p] [BluRay] [5.1] [YTS.MX]
Paddington In Peru,2024,2160p,/media/tushita/DATA/movies/Paddington In Peru (2024) [2160p] [4K] [WEB] [5.1] [YTS.MX]/Paddington.In.Peru.2024.2160p.4K.WEB.x265.10bit.AAC5.1-[YTS.MX].mkv,Paddington In Peru (2024) [2160p] [4K] [WEB] [5.1] [YTS.MX]/Paddington.In.Peru.2024.2160p.4K.WEB.x265.10bit.AAC5.1-[YTS.MX].mkv,Paddington In Peru (2024) [2160p] [4K] [WEB] [5.1] [YTS.MX],Paddington In Peru (2024) [2160p] [4K] [WEB] [5.1] [YTS.MX],Paddington In Peru (2024) [2160p] [4K] [WEB] [5.1] [YTS.MX]
Pet Sematary,1989,1080p,/media/tushita/DATA/movies/Pet.Sematary.1989.REMASTERED.1080p.BluRay.x265-RARBG/Pet.Sematary.1989.REMASTERED.1080p.BluRay.x265-RARBG.mp4,Pet.Sematary.1989.REMASTERED.1080p.BluRay.x265-RARBG/Pet.Sematary.1989.REMASTERED.1080p.BluRay.x265-RARBG.mp4,Pet.Sematary.1989.REMASTERED.1080p.BluRay.x265-RARBG,Pet.Sematary.1989.REMASTERED.1080p.BluRay.x265-RARBG,Pet.Sematary.1989.REMASTERED.1080p.BluRay.x265-RARBG
Pokemon 3 The Movie Spell Of The Unown,2000,1080p,/media/tushita/DATA/movies/Pokemon 3 The Movie Spell Of The Unown (2000) [1080p] [BluRay] [YTS.MX]/Pokemon.3.The.Movie.Spell.Of.The.Unown.2000.1080p.BluRay.x264.AAC-[YTS.MX].mp4,Pokemon 3 The Movie Spell Of The Unown (2000) [1080p] [BluRay] [YTS.MX]/Pokemon.3.The.Movie.Spell.Of.The.Unown.2000.1080p.BluRay.x264.AAC-[YTS.MX].mp4,Pokemon 3 The Movie Spell Of The Unown (2000) [1080p] [BluRay] [YTS.MX],Pokemon 3 The Movie Spell Of The Unown (2000) [1080p] [BluRay] [YTS.MX],Pokemon 3 The Movie Spell Of The Unown (2000) [1080p] [BluRay] [YTS.MX]
Pokemon The First Movie - Mewtwo Strikes Back,1998,1080p,/media/tushita/DATA/movies/Pokemon The First Movie - Mewtwo Strikes Back (1998) [DUBBED] [REPACK] [1080p] [BluRay] [5.1] [YTS.MX]/Pokemon.The.First.Movie.-.Mewtwo.Strikes.Back.1998.DUBBED.REPACK.1080p.BluRay.x264.AAC5.1-[YTS.MX].mp4,Pokemon The First Movie - Mewtwo Strikes Back (1998) [DUBBED] [REPACK] [1080p] [BluRay] [5.1] [YTS.MX]/Pokemon.The.First.Movie.-.Mewtwo.Strikes.Back.1998.DUBBED.REPACK.1080p.BluRay.x264.AAC5.1-[YTS.MX].mp4,Pokemon The First Movie - Mewtwo Strikes Back (1998) [DUBBED] [REPACK] [1080p] [BluRay] [5.1] [YTS.MX],Pokemon The First Movie - Mewtwo Strikes Back (1998) [DUBBED] [REPACK] [1080p] [BluRay] [5.1] [YTS.MX],Pokemon The First Movie - Mewtwo Strikes Back (1998) [DUBBED] [REPACK] [1080p] [BluRay] [5.1] [YTS.MX]
Pokemon The Movie,2000,1080p,/media/tushita/DATA/movies/Pokemon The Movie 2000 (1999) [(1999)] [1080p] [BluRay] [YTS.MX]/Pokemon.The.Movie.2000.1999.(1999).1080p.BluRay.x264.AAC-[YTS.MX].mp4,Pokemon The Movie 2000 (1999) [(1999)] [1080p] [BluRay] [YTS.MX]/Pokemon.The.Movie.2000.1999.(1999).1080p.BluRay.x264.AAC-[YTS.MX].mp4,Pokemon The Movie 2000 (1999) [(1999)] [1080p] [BluRay] [YTS.MX],Pokemon The Movie 2000 (1999) [(1999)] [1080p] [BluRay] [YTS.MX],Pokemon The Movie 2000 (1999) [(1999)] [1080p] [BluRay] [YTS.MX]
Princess Mononoke,1997,1080p,/media/tushita/DATA/movies/Princess Mononoke (1997) [BluRay] [1080p] [YTS.AM]/Princess.Mononoke.1997.1080p.BluRay.x264-[YTS.AM].mp4,Princess Mononoke (1997) [BluRay] [1080p] [YTS.AM]/Princess.Mononoke.1997.1080p.BluRay.x264-[YTS.AM].mp4,Princess Mononoke (1997) [BluRay] [1080p] [YTS.AM],Princess Mononoke (1997) [BluRay] [1080p] [YTS.AM],Princess Mononoke (1997) [BluRay] [1080p] [YTS.AM]
Prometheus,2012,2160p,/media/tushita/DATA/movies/Prometheus (2012) [2160p] [4K] [BluRay] [5.1] [YTS.MX]/Prometheus.2012.2160p.4K.BluRay.x265.10bit.AAC5.1-[YTS.MX].mkv,Prometheus (2012) [2160p] [4K] [BluRay] [5.1] [YTS.MX]/Prometheus.2012.2160p.4K.BluRay.x265.10bit.AAC5.1-[YTS.MX].mkv,Prometheus (2012) [2160p] [4K] [BluRay] [5.1] [YTS.MX],Prometheus (2012) [2160p] [4K] [BluRay] [5.1] [YTS.MX],Prometheus (2012) [2160p] [4K] [BluRay] [5.1] [YTS.MX]
Rambo First Blood Part II,1985,2160p,/media/tushita/DATA/movies/Rambo First Blood Part II (1985) [2160p] [4K] [BluRay] [5.1] [YTS.MX]/Rambo.First.Blood.Part.II.1985.2160p.4K.BluRay.x265.10bit.AAC5.1-[YTS.MX].mkv,Rambo First Blood Part II (1985) [2160p] [4K] [BluRay] [5.1] [YTS.MX]/Rambo.First.Blood.Part.II.1985.2160p.4K.BluRay.x265.10bit.AAC5.1-[YTS.MX].mkv,Rambo First Blood Part II (1985) [2160p] [4K] [BluRay] [5.1] [YTS.MX],Rambo First Blood Part II (1985) [2160p] [4K] [BluRay] [5.1] [YTS.MX],Rambo First Blood Part II (1985) [2160p] [4K] [BluRay] [5.1] [YTS.MX]
Rambo III,1988,2160p,/media/tushita/DATA/movies/Rambo III (1988) [2160p] [4K] [BluRay] [5.1] [YTS.MX]/Rambo.III.1988.2160p.4K.BluRay.x265.10bit.AAC5.1-[YTS.MX].mkv,Rambo III (1988) [2160p] [4K] [BluRay] [5.1] [YTS.MX]/Rambo.III.1988.2160p.4K.BluRay.x265.10bit.AAC5.1-[YTS.MX].mkv,Rambo III (1988) [2160p] [4K] [BluRay] [5.1] [YTS.MX],Rambo III (1988) [2160p] [4K] [BluRay] [5.1] [YTS.MX],Rambo III (1988) [2160p] [4K] [BluRay] [5.1] [YTS.MX]
Blade Runner,1982,2160p,/media/tushita/DATA/movies/Blade Runner (1982) [2160p] [4K] [BluRay] [5.1] [YTS.MX]/Blade.Runner.1982.2160p.4K.BluRay.x265.10bit.AAC5.1-[YTS.MX].mkv,Blade Runner (1982) [2160p] [4K] [BluRay] [5.1] [YTS.MX]/Blade.Runner.1982.2160p.4K.BluRay.x265.10bit.AAC5.1-[YTS.MX].mkv,Blade Runner (1982) [2160p] [4K] [BluRay] [5.1] [YTS.MX],Blade Runner (1982) [2160p] [4K] [BluRay] [5.1] [YTS.MX],Blade Runner (1982) [2160p] [4K] [BluRay] [5.1] [YTS.MX]
Dragon,2025,1080p,/media/tushita/DATA/movies/Dragon (2025) [1080p] [WEBRip] [5.1] [YTS.MX]/Dragon.2025.1080p.WEBRip.x264.AAC5.1-[YTS.MX].mp4,Dragon (2025) [1080p] [WEBRip] [5.1] [YTS.MX]/Dragon.2025.1080p.WEBRip.x264.AAC5.1-[YTS.MX].mp4,Dragon (2025) [1080p] [WEBRip] [5.1] [YTS.MX],Dragon (2025) [1080p] [WEBRip] [5.1] [YTS.MX],Dragon (2025) [1080p] [WEBRip] [5.1] [YTS.MX]
Red Sonja,1985,1080p,/media/tushita/DATA/movies/Red Sonja (1985) [1080p]/Red.Sonja.1985.1080p.BluRay.x264.YIFY.mp4,Red Sonja (1985) [1080p]/Red.Sonja.1985.1080p.BluRay.x264.YIFY.mp4,Red Sonja (1985) [1080p],Red Sonja (1985) [1080p],Red Sonja (1985) [1080p]
Song of the Sea,2014,1080p,/media/tushita/DATA/movies/Song of the Sea (2014) [1080p]/Song.of.the.Sea.2014.1080p.BluRay.x264.YIFY.mp4,Song of the Sea (2014) [1080p]/Song.of.the.Sea.2014.1080p.BluRay.x264.YIFY.mp4,Song of the Sea (2014) [1080p],Song of the Sea (2014) [1080p],Song of the Sea (2014) [1080p]
The Godfather,1972,1080p,/media/tushita/DATA/movies/The Godfather (1972) [1080p]/The.Godfather.1972.1080p.BrRip.x264.BOKUTOX.YIFY.mp4,The Godfather (1972) [1080p]/The.Godfather.1972.1080p.BrRip.x264.BOKUTOX.YIFY.mp4,The Godfather (1972) [1080p],The Godfather (1972) [1080p],The Godfather (1972) [1080p]
The Princess Bride,1987,2160p,/media/tushita/DATA/movies/The Princess Bride (1987) [2160p] [4K] [BluRay] [5.1] [YTS.MX]/The.Princess.Bride.1987.2160p.4K.BluRay.x265.10bit.AAC5.1-[YTS.MX].mkv,The Princess Bride (1987) [2160p] [4K] [BluRay] [5.1] [YTS.MX]/The.Princess.Bride.1987.2160p.4K.BluRay.x265.10bit.AAC5.1-[YTS.MX].mkv,The Princess Bride (1987) [2160p] [4K] [BluRay] [5.1] [YTS.MX],The Princess Bride (1987) [2160p] [4K] [BluRay] [5.1] [YTS.MX],The Princess Bride (1987) [2160p] [4K] [BluRay] [5.1] [YTS.MX]
Transformers One,2024,1080p,/media/tushita/DATA/movies/Transformers One (2024) [1080p] [WEBRip] [5.1] [YTS.MX]/Transformers.One.2024.1080p.WEBRip.x264.AAC5.1-[YTS.MX].mp4,Transformers One (2024) [1080p] [WEBRip] [5.1] [YTS.MX]/Transformers.One.2024.1080p.WEBRip.x264.AAC5.1-[YTS.MX].mp4,Transformers One (2024) [1080p] [WEBRip] [5.1] [YTS.MX],Transformers One (2024) [1080p] [WEBRip] [5.1] [YTS.MX],Transformers One (2024) [1080p] [WEBRip] [5.1] [YTS.MX]
Spartacus,1960,2160p,/media/tushita/DATA/movies/Spartacus (1960) [2160p] [4K] [BluRay] [5.1] [YTS.MX]/Spartacus.1960.2160p.4K.BluRay.x265.10bit.AAC5.1-[YTS.MX].mkv,Spartacus (1960) [2160p] [4K] [BluRay] [5.1] [YTS.MX]/Spartacus.1960.2160p.4K.BluRay.x265.10bit.AAC5.1-[YTS.MX].mkv,Spartacus (1960) [2160p] [4K] [BluRay] [5.1] [YTS.MX],Spartacus (1960) [2160p] [4K] [BluRay] [5.1] [YTS.MX],Spartacus (1960) [2160p] [4K] [BluRay] [5.1] [YTS.MX]
Spellbound,2024,1080p,/media/tushita/DATA/movies/Spellbound.2024.1080p.NF.WEBRip.1400MB.DD5.1.x264-GalaxyRG[TGx]/Spellbound.2024.1080p.NF.WEBRip.1400MB.DD5.1.x264-GalaxyRG.mkv,Spellbound.2024.1080p.NF.WEBRip.1400MB.DD5.1.x264-GalaxyRG[TGx]/Spellbound.2024.1080p.NF.WEBRip.1400MB.DD5.1.x264-GalaxyRG.mkv,Spellbound.2024.1080p.NF.WEBRip.1400MB.DD5.1.x264-GalaxyRG[TGx],Spellbound.2024.1080p.NF.WEBRip.1400MB.DD5.1.x264-GalaxyRG[TGx],Spellbound.2024.1080p.NF.WEBRip.1400MB.DD5.1.x264-GalaxyRG[TGx]
Taxi Driver,1976,2160p,/media/tushita/DATA/movies/Taxi Driver (1976) [2160p] [4K] [BluRay] [HDR] [5.1] [YTS.MX]/Taxi.Driver.1976.2160p.4K.BluRay.x265.10bit.HDR.AAC5.1-[YTS.MX].mkv,Taxi Driver (1976) [2160p] [4K] [BluRay] [HDR] [5.1] [YTS.MX]/Taxi.Driver.1976.2160p.4K.BluRay.x265.10bit.HDR.AAC5.1-[YTS.MX].mkv,Taxi Driver (1976) [2160p] [4K] [BluRay] [HDR] [5.1] [YTS.MX],Taxi Driver (1976) [2160p] [4K] [BluRay] [HDR] [5.1] [YTS.MX],Taxi Driver (1976) [2160p] [4K] [BluRay] [HDR] [5.1] [YTS.MX]
Terminator 2,1991,1080p,/media/tushita/DATA/movies/Terminator 2 (1991) [1080p] [YTS.AG]/Terminator.2.1991.1080p.BluRay.x264-[YTS.AG].mp4,Terminator 2 (1991) [1080p] [YTS.AG]/Terminator.2.1991.1080p.BluRay.x264-[YTS.AG].mp4,Terminator 2 (1991) [1080p] [YTS.AG],Terminator 2 (1991) [1080p] [YTS.AG],Terminator 2 (1991) [1080p] [YTS.AG]
Terminator 2 Judgment Day,1991,2160p,/media/tushita/DATA/movies/Terminator 2 Judgment Day (1991) [THEATRICAL] [2160p] [4K] [BluRay] [5.1] [YTS.MX]/Terminator.2.Judgment.Day.1991.THEATRICAL.2160p.4K.BluRay.x265.10bit.AAC5.1-[YTS.MX].mkv,Terminator 2 Judgment Day (1991) [THEATRICAL] [2160p] [4K] [BluRay] [5.1] [YTS.MX]/Terminator.2.Judgment.Day.1991.THEATRICAL.2160p.4K.BluRay.x265.10bit.AAC5.1-[YTS.MX].mkv,Terminator 2 Judgment Day (1991) [THEATRICAL] [2160p] [4K] [BluRay] [5.1] [YTS.MX],Terminator 2 Judgment Day (1991) [THEATRICAL] [2160p] [4K] [BluRay] [5.1] [YTS.MX],Terminator 2 Judgment Day (1991) [THEATRICAL] [2160p] [4K] [BluRay] [5.1] [YTS.MX]
The Boy And The Heron,2023,1080p,/media/tushita/DATA/movies/The Boy And The Heron (2023) [1080p] [WEBRip] [5.1] [YTS.MX]/The.Boy.And.The.Heron.2023.1080p.WEBRip.x264.AAC5.1-[YTS.MX].mp4,The Boy And The Heron (2023) [1080p] [WEBRip] [5.1] [YTS.MX]/The.Boy.And.The.Heron.2023.1080p.WEBRip.x264.AAC5.1-[YTS.MX].mp4,The Boy And The Heron (2023) [1080p] [WEBRip] [5.1] [YTS.MX],The Boy And The Heron (2023) [1080p] [WEBRip] [5.1] [YTS.MX],The Boy And The Heron (2023) [1080p] [WEBRip] [5.1] [YTS.MX]
The Croods A New Age,2020,1080p,/media/tushita/DATA/movies/The Croods A New Age (2020) [1080p] [BluRay] [5.1] [YTS.MX]/The.Croods.A.New.Age.2020.1080p.BluRay.x264.AAC5.1-[YTS.MX].mp4,The Croods A New Age (2020) [1080p] [BluRay] [5.1] [YTS.MX]/The.Croods.A.New.Age.2020.1080p.BluRay.x264.AAC5.1-[YTS.MX].mp4,The Croods A New Age (2020) [1080p] [BluRay] [5.1] [YTS.MX],The Croods A New Age (2020) [1080p] [BluRay] [5.1] [YTS.MX],The Croods A New Age (2020) [1080p] [BluRay] [5.1] [YTS.MX]
The Electric State,2025,2160p,/media/tushita/DATA/movies/The Electric State (2025) [2160p] [4K] [WEB] [5.1] [YTS.MX]/The.Electric.State.2025.2160p.4K.WEB.x265.10bit.AAC5.1-[YTS.MX].mkv,The Electric State (2025) [2160p] [4K] [WEB] [5.1] [YTS.MX]/The.Electric.State.2025.2160p.4K.WEB.x265.10bit.AAC5.1-[YTS.MX].mkv,The Electric State (2025) [2160p] [4K] [WEB] [5.1] [YTS.MX],The Electric State (2025) [2160p] [4K] [WEB] [5.1] [YTS.MX],The Electric State (2025) [2160p] [4K] [WEB] [5.1] [YTS.MX]
The Godfather Part 2,1974,1080p,/media/tushita/DATA/movies/The Godfather Part 2 (1974) [1080p]/The.Godfather.Part.2.1974.1080p.BrRip.x264.BOKUTOX.YIFY.mp4,The Godfather Part 2 (1974) [1080p]/The.Godfather.Part.2.1974.1080p.BrRip.x264.BOKUTOX.YIFY.mp4,The Godfather Part 2 (1974) [1080p],The Godfather Part 2 (1974) [1080p],The Godfather Part 2 (1974) [1080p]
The Iron Giant,1999,1080p,/media/tushita/DATA/movies/The Iron Giant (1999) [DIRECTOR CUT] [REPACK] [1080p] [BluRay] [5.1] [YTS.MX]/The.Iron.Giant.1999.DIRECTOR.CUT.REPACK.1080p.BluRay.x264.AAC5.1-[YTS.MX].mp4,The Iron Giant (1999) [DIRECTOR CUT] [REPACK] [1080p] [BluRay] [5.1] [YTS.MX]/The.Iron.Giant.1999.DIRECTOR.CUT.REPACK.1080p.BluRay.x264.AAC5.1-[YTS.MX].mp4,The Iron Giant (1999) [DIRECTOR CUT] [REPACK] [1080p] [BluRay] [5.1] [YTS.MX],The Iron Giant (1999) [DIRECTOR CUT] [REPACK] [1080p] [BluRay] [5.1] [YTS.MX],The Iron Giant (1999) [DIRECTOR CUT] [REPACK] [1080p] [BluRay] [5.1] [YTS.MX]
The Last Airbender,2010,2160p,/media/tushita/DATA/movies/The Last Airbender (2010) [2160p] [4K] [WEB] [5.1] [YTS.MX]/The.Last.Airbender.2010.2160p.4K.WEB.x265.10bit.AAC5.1-[YTS.MX].mkv,The Last Airbender (2010) [2160p] [4K] [WEB] [5.1] [YTS.MX]/The.Last.Airbender.2010.2160p.4K.WEB.x265.10bit.AAC5.1-[YTS.MX].mkv,The Last Airbender (2010) [2160p] [4K] [WEB] [5.1] [YTS.MX],The Last Airbender (2010) [2160p] [4K] [WEB] [5.1] [YTS.MX],The Last Airbender (2010) [2160p] [4K] [WEB] [5.1] [YTS.MX]
The Lego Star Wars Holiday Special,2020,1080p,/media/tushita/DATA/movies/The Lego Star Wars Holiday Special (2020) [1080p] [BluRay] [5.1] [YTS.MX]/The.Lego.Star.Wars.Holiday.Special.2020.1080p.BluRay.x264.AAC5.1-[YTS.MX].mp4,The Lego Star Wars Holiday Special (2020) [1080p] [BluRay] [5.1] [YTS.MX]/The.Lego.Star.Wars.Holiday.Special.2020.1080p.BluRay.x264.AAC5.1-[YTS.MX].mp4,The Lego Star Wars Holiday Special (2020) [1080p] [BluRay] [5.1] [YTS.MX],The Lego Star Wars Holiday Special (2020) [1080p] [BluRay] [5.1] [YTS.MX],The Lego Star Wars Holiday Special (2020) [1080p] [BluRay] [5.1] [YTS.MX]
The Lord Of The Rings The Fellowship Of The Ring,2001,2160p,/media/tushita/DATA/movies/The Lord Of The Rings The Fellowship Of The Ring (2001) [EXTENDED] [2160p] [4K] [BluRay] [5.1] [YTS.MX]/The.Lord.Of.The.Rings.The.Fellowship.Of.The.Ring.2001.EXTENDED.2160p.4K.BluRay.x265.10bit.AAC5.1-[YTS.MX].mkv,The Lord Of The Rings The Fellowship Of The Ring (2001) [EXTENDED] [2160p] [4K] [BluRay] [5.1] [YTS.MX]/The.Lord.Of.The.Rings.The.Fellowship.Of.The.Ring.2001.EXTENDED.2160p.4K.BluRay.x265.10bit.AAC5.1-[YTS.MX].mkv,The Lord Of The Rings The Fellowship Of The Ring (2001) [EXTENDED] [2160p] [4K] [BluRay] [5.1] [YTS.MX],The Lord Of The Rings The Fellowship Of The Ring (2001) [EXTENDED] [2160p] [4K] [BluRay] [5.1] [YTS.MX],The Lord Of The Rings The Fellowship Of The Ring (2001) [EXTENDED] [2160p] [4K] [BluRay] [5.1] [YTS.MX]
The Lord Of The Rings The Return Of The King,2003,2160p,/media/tushita/DATA/movies/The Lord Of The Rings The Return Of The King (2003) [EXTENDED] [2160p] [4K] [BluRay] [5.1] [YTS.MX]/The.Lord.Of.The.Rings.The.Return.Of.The.King.2003.EXTENDED.2160p.4K.BluRay.x265.10bit.AAC5.1-[YTS.MX].mkv,The Lord Of The Rings The Return Of The King (2003) [EXTENDED] [2160p] [4K] [BluRay] [5.1] [YTS.MX]/The.Lord.Of.The.Rings.The.Return.Of.The.King.2003.EXTENDED.2160p.4K.BluRay.x265.10bit.AAC5.1-[YTS.MX].mkv,The Lord Of The Rings The Return Of The King (2003) [EXTENDED] [2160p] [4K] [BluRay] [5.1] [YTS.MX],The Lord Of The Rings The Return Of The King (2003) [EXTENDED] [2160p] [4K] [BluRay] [5.1] [YTS.MX],The Lord Of The Rings The Return Of The King (2003) [EXTENDED] [2160p] [4K] [BluRay] [5.1] [YTS.MX]
The Lord Of The Rings The Two Towers,2002,2160p,/media/tushita/DATA/movies/The Lord Of The Rings The Two Towers (2002) [EXTENDED] [2160p] [4K] [BluRay] [5.1] [YTS.MX]/The.Lord.Of.The.Rings.The.Two.Towers.2002.EXTENDED.2160p.4K.BluRay.x265.10bit.AAC5.1-[YTS.MX].mkv,The Lord Of The Rings The Two Towers (2002) [EXTENDED] [2160p] [4K] [BluRay] [5.1] [YTS.MX]/The.Lord.Of.The.Rings.The.Two.Towers.2002.EXTENDED.2160p.4K.BluRay.x265.10bit.AAC5.1-[YTS.MX].mkv,The Lord Of The Rings The Two Towers (2002) [EXTENDED] [2160p] [4K] [BluRay] [5.1] [YTS.MX],The Lord Of The Rings The Two Towers (2002) [EXTENDED] [2160p] [4K] [BluRay] [5.1] [YTS.MX],The Lord Of The Rings The Two Towers (2002) [EXTENDED] [2160p] [4K] [BluRay] [5.1] [YTS.MX]
The Other Guys,2010,2160p,/media/tushita/DATA/movies/The Other Guys (2010) [2160p] [4K] [WEB] [5.1] [YTS.MX]/The.Other.Guys.2010.2160p.4K.WEB.x265.10bit.AAC5.1-[YTS.MX].mkv,The Other Guys (2010) [2160p] [4K] [WEB] [5.1] [YTS.MX]/The.Other.Guys.2010.2160p.4K.WEB.x265.10bit.AAC5.1-[YTS.MX].mkv,The Other Guys (2010) [2160p] [4K] [WEB] [5.1] [YTS.MX],The Other Guys (2010) [2160p] [4K] [WEB] [5.1] [YTS.MX],The Other Guys (2010) [2160p] [4K] [WEB] [5.1] [YTS.MX]
The Primevals,2023,1080p,/media/tushita/DATA/movies/The Primevals (2023) [1080p] [WEBRip] [x265] [10bit] [YTS.MX]/The.Primevals.2023.1080p.WEBRip.x265.10bit.AAC-[YTS.MX].mp4,The Primevals (2023) [1080p] [WEBRip] [x265] [10bit] [YTS.MX]/The.Primevals.2023.1080p.WEBRip.x265.10bit.AAC-[YTS.MX].mp4,The Primevals (2023) [1080p] [WEBRip] [x265] [10bit] [YTS.MX],The Primevals (2023) [1080p] [WEBRip] [x265] [10bit] [YTS.MX],The Primevals (2023) [1080p] [WEBRip] [x265] [10bit] [YTS.MX]
DragonHeart,1996,2160p,/media/tushita/DATA/movies/DragonHeart (1996) [2160p] [4K] [BluRay] [5.1] [YTS.MX]/DragonHeart.1996.2160p.4K.BluRay.x265.10bit.AAC5.1-[YTS.MX].mkv,DragonHeart (1996) [2160p] [4K] [BluRay] [5.1] [YTS.MX]/DragonHeart.1996.2160p.4K.BluRay.x265.10bit.AAC5.1-[YTS.MX].mkv,DragonHeart (1996) [2160p] [4K] [BluRay] [5.1] [YTS.MX],DragonHeart (1996) [2160p] [4K] [BluRay] [5.1] [YTS.MX],DragonHeart (1996) [2160p] [4K] [BluRay] [5.1] [YTS.MX]
Dragonheart Vengeance,2020,1080p,/media/tushita/DATA/movies/Dragonheart Vengeance (2020) [1080p] [BluRay] [5.1] [YTS.MX]/Dragonheart.Vengeance.2020.1080p.BluRay.x264.AAC5.1-[YTS.MX].mp4,Dragonheart Vengeance (2020) [1080p] [BluRay] [5.1] [YTS.MX]/Dragonheart.Vengeance.2020.1080p.BluRay.x264.AAC5.1-[YTS.MX].mp4,Dragonheart Vengeance (2020) [1080p] [BluRay] [5.1] [YTS.MX],Dragonheart Vengeance (2020) [1080p] [BluRay] [5.1] [YTS.MX],Dragonheart Vengeance (2020) [1080p] [BluRay] [5.1] [YTS.MX]
Emma,2020,1080p,/media/tushita/DATA/movies/Emma. (2020) [1080p] [BluRay] [5.1] [YTS.MX]/Emma..2020.1080p.BluRay.x264.AAC5.1-[YTS.MX].mp4,Emma. (2020) [1080p] [BluRay] [5.1] [YTS.MX]/Emma..2020.1080p.BluRay.x264.AAC5.1-[YTS.MX].mp4,Emma. (2020) [1080p] [BluRay] [5.1] [YTS.MX],Emma. (2020) [1080p] [BluRay] [5.1] [YTS.MX],Emma. (2020) [1080p] [BluRay] [5.1] [YTS.MX]
First Blood,1982,2160p,/media/tushita/DATA/movies/First Blood (1982) [2160p] [4K] [BluRay] [5.1] [YTS.MX]/First.Blood.1982.2160p.4K.BluRay.x265.10bit.AAC5.1-[YTS.MX].mkv,First Blood (1982) [2160p] [4K] [BluRay] [5.1] [YTS.MX]/First.Blood.1982.2160p.4K.BluRay.x265.10bit.AAC5.1-[YTS.MX].mkv,First Blood (1982) [2160p] [4K] [BluRay] [5.1] [YTS.MX],First Blood (1982) [2160p] [4K] [BluRay] [5.1] [YTS.MX],First Blood (1982) [2160p] [4K] [BluRay] [5.1] [YTS.MX]
Free Willy,1993,1080p,/media/tushita/DATA/movies/Free Willy (1993) [1080p]/Free.Willy.1993.1080p.BluRay.x264.YIFY.mp4,Free Willy (1993) [1080p]/Free.Willy.1993.1080p.BluRay.x264.YIFY.mp4,Free Willy (1993) [1080p],Free Willy (1993) [1080p],Free Willy (1993) [1080p]
Free Willy 2 The Adventure Home,1995,1080p,/media/tushita/DATA/movies/Free Willy 2 The Adventure Home (1995) [1080p] [WEBRip] [YTS.MX]/Free.Willy.2.The.Adventure.Home.1995.1080p.WEBRip.x264.AAC-[YTS.MX].mp4,Free Willy 2 The Adventure Home (1995) [1080p] [WEBRip] [YTS.MX]/Free.Willy.2.The.Adventure.Home.1995.1080p.WEBRip.x264.AAC-[YTS.MX].mp4,Free Willy 2 The Adventure Home (1995) [1080p] [WEBRip] [YTS.MX],Free Willy 2 The Adventure Home (1995) [1080p] [WEBRip] [YTS.MX],Free Willy 2 The Adventure Home (1995) [1080p] [WEBRip] [YTS.MX]
Full Metal Jacket,1987,2160p,/media/tushita/DATA/movies/Full Metal Jacket (1987) [2160p] [4K] [BluRay] [5.1] [YTS.MX]/Full.Metal.Jacket.1987.2160p.4K.BluRay.x265.10bit.AAC5.1-[YTS.MX].mkv,Full Metal Jacket (1987) [2160p] [4K] [BluRay] [5.1] [YTS.MX]/Full.Metal.Jacket.1987.2160p.4K.BluRay.x265.10bit.AAC5.1-[YTS.MX].mkv,Full Metal Jacket (1987) [2160p] [4K] [BluRay] [5.1] [YTS.MX],Full Metal Jacket (1987) [2160p] [4K] [BluRay] [5.1] [YTS.MX],Full Metal Jacket (1987) [2160p] [4K] [BluRay] [5.1] [YTS.MX]
Furiosa A Mad Max Saga,2024,2160p,/media/tushita/DATA/movies/Furiosa A Mad Max Saga (2024) [2160p] [4K] [WEB] [5.1] [YTS.MX]/Furiosa.A.Mad.Max.Saga.2024.2160p.4K.WEB.x265.10bit.AAC5.1-[YTS.MX].mkv,Furiosa A Mad Max Saga (2024) [2160p] [4K] [WEB] [5.1] [YTS.MX]/Furiosa.A.Mad.Max.Saga.2024.2160p.4K.WEB.x265.10bit.AAC5.1-[YTS.MX].mkv,Furiosa A Mad Max Saga (2024) [2160p] [4K] [WEB] [5.1] [YTS.MX],Furiosa A Mad Max Saga (2024) [2160p] [4K] [WEB] [5.1] [YTS.MX],Furiosa A Mad Max Saga (2024) [2160p] [4K] [WEB] [5.1] [YTS.MX]
Godzilla X Kong The New Empire,2024,2160p,/media/tushita/DATA/movies/Godzilla X Kong The New Empire (2024) [2160p] [4K] [WEB] [5.1] [YTS.MX]/Godzilla.X.Kong.The.New.Empire.2024.2160p.4K.WEB.x265.10bit.AAC5.1-[YTS.MX].mkv,Godzilla X Kong The New Empire (2024) [2160p] [4K] [WEB] [5.1] [YTS.MX]/Godzilla.X.Kong.The.New.Empire.2024.2160p.4K.WEB.x265.10bit.AAC5.1-[YTS.MX].mkv,Godzilla X Kong The New Empire (2024) [2160p] [4K] [WEB] [5.1] [YTS.MX],Godzilla X Kong The New Empire (2024) [2160p] [4K] [WEB] [5.1] [YTS.MX],Godzilla X Kong The New Empire (2024) [2160p] [4K] [WEB] [5.1] [YTS.MX]
Gullivers Travels,2010,1080p,/media/tushita/DATA/movies/Gullivers Travels (2010) [1080p] [BluRay] [5.1] [YTS.MX]/Gullivers.Travels.2010.1080p.BluRay.x264.AAC5.1-[YTS.MX].mp4,Gullivers Travels (2010) [1080p] [BluRay] [5.1] [YTS.MX]/Gullivers.Travels.2010.1080p.BluRay.x264.AAC5.1-[YTS.MX].mp4,Gullivers Travels (2010) [1080p] [BluRay] [5.1] [YTS.MX],Gullivers Travels (2010) [1080p] [BluRay] [5.1] [YTS.MX],Gullivers Travels (2010) [1080p] [BluRay] [5.1] [YTS.MX]
Harry Potter And The Deathly Hallows Part 1,2010,2160p,/media/tushita/DATA/movies/Harry Potter And The Deathly Hallows Part 1 (2010) [2160p] [4K] [BluRay] [HDR] [5.1] [YTS.MX]/Harry.Potter.And.The.Deathly.Hallows.Part.1.2010.2160p.4K.BluRay.x265.10bit.HDR.AAC5.1-[YTS.MX].mkv,Harry Potter And The Deathly Hallows Part 1 (2010) [2160p] [4K] [BluRay] [HDR] [5.1] [YTS.MX]/Harry.Potter.And.The.Deathly.Hallows.Part.1.2010.2160p.4K.BluRay.x265.10bit.HDR.AAC5.1-[YTS.MX].mkv,Harry Potter And The Deathly Hallows Part 1 (2010) [2160p] [4K] [BluRay] [HDR] [5.1] [YTS.MX],Harry Potter And The Deathly Hallows Part 1 (2010) [2160p] [4K] [BluRay] [HDR] [5.1] [YTS.MX],Harry Potter And The Deathly Hallows Part 1 (2010) [2160p] [4K] [BluRay] [HDR] [5.1] [YTS.MX]
The Return Of The King,1980,1080p,/media/tushita/DATA/movies/The Return Of The King (1980) [1080p] [WEBRip] [YTS.MX]/The.Return.Of.The.King.1980.1080p.WEBRip.x264.AAC-[YTS.MX].mp4,The Return Of The King (1980) [1080p] [WEBRip] [YTS.MX]/The.Return.Of.The.King.1980.1080p.WEBRip.x264.AAC-[YTS.MX].mp4,The Return Of The King (1980) [1080p] [WEBRip] [YTS.MX],The Return Of The King (1980) [1080p] [WEBRip] [YTS.MX],The Return Of The King (1980) [1080p] [WEBRip] [YTS.MX]
The Ritchie Blackmore Story,2015,1080p,/media/tushita/DATA/movies/The Ritchie Blackmore Story (2015) [1080p] [BluRay] [5.1] [YTS.MX]/The.Ritchie.Blackmore.Story.2015.1080p.BluRay.x264.AAC5.1-[YTS.MX].mp4,The Ritchie Blackmore Story (2015) [1080p] [BluRay] [5.1] [YTS.MX]/The.Ritchie.Blackmore.Story.2015.1080p.BluRay.x264.AAC5.1-[YTS.MX].mp4,The Ritchie Blackmore Story (2015) [1080p] [BluRay] [5.1] [YTS.MX],The Ritchie Blackmore Story (2015) [1080p] [BluRay] [5.1] [YTS.MX],The Ritchie Blackmore Story (2015) [1080p] [BluRay] [5.1] [YTS.MX]
The Vikings,1958,1080p,/media/tushita/DATA/movies/The Vikings (1958) [1080p] [YTS.AG]/The.Vikings.1958.1080p.BluRay.x264-[YTS.AG].mp4,The Vikings (1958) [1080p] [YTS.AG]/The.Vikings.1958.1080p.BluRay.x264-[YTS.AG].mp4,The Vikings (1958) [1080p] [YTS.AG],The Vikings (1958) [1080p] [YTS.AG],The Vikings (1958) [1080p] [YTS.AG]
The Way We Were,1973,1080p,/media/tushita/DATA/movies/The Way We Were (1973) [1080p] [BluRay] [5.1] [YTS.MX]/The.Way.We.Were.1973.1080p.BluRay.x264.AAC5.1-[YTS.MX].mp4,The Way We Were (1973) [1080p] [BluRay] [5.1] [YTS.MX]/The.Way.We.Were.1973.1080p.BluRay.x264.AAC5.1-[YTS.MX].mp4,The Way We Were (1973) [1080p] [BluRay] [5.1] [YTS.MX],The Way We Were (1973) [1080p] [BluRay] [5.1] [YTS.MX],The Way We Were (1973) [1080p] [BluRay] [5.1] [YTS.MX]
The Wild Robot,2024,2160p,/media/tushita/DATA/movies/The Wild Robot (2024) [2160p] [4K] [WEB] [5.1] [YTS.MX]/The.Wild.Robot.2024.2160p.4K.WEB.x265.10bit.AAC5.1-[YTS.MX].mkv,The Wild Robot (2024) [2160p] [4K] [WEB] [5.1] [YTS.MX]/The.Wild.Robot.2024.2160p.4K.WEB.x265.10bit.AAC5.1-[YTS.MX].mkv,The Wild Robot (2024) [2160p] [4K] [WEB] [5.1] [YTS.MX],The Wild Robot (2024) [2160p] [4K] [WEB] [5.1] [YTS.MX],The Wild Robot (2024) [2160p] [4K] [WEB] [5.1] [YTS.MX]
The Lord of the Rings The Return Of The King,2003,2160p,/media/tushita/DATA/movies/The.Lord.of.the.Rings.The.Return.Of.The.King.2003.EXTENDED.2160p.UHD.BluRay.x265.10bit.HDR.DDP5.1-RARBG/The.Lord.of.the.Rings.The.Return.Of.The.King.2003.EXTENDED.2160p.UHD.BluRay.x265.10bit.HDR.DDP5.1-RARBG.mkv,The.Lord.of.the.Rings.The.Return.Of.The.King.2003.EXTENDED.2160p.UHD.BluRay.x265.10bit.HDR.DDP5.1-RARBG/The.Lord.of.the.Rings.The.Return.Of.The.King.2003.EXTENDED.2160p.UHD.BluRay.x265.10bit.HDR.DDP5.1-RARBG.mkv,The.Lord.of.the.Rings.The.Return.Of.The.King.2003.EXTENDED.2160p.UHD.BluRay.x265.10bit.HDR.DDP5.1-RARBG,The.Lord.of.the.Rings.The.Return.Of.The.King.2003.EXTENDED.2160p.UHD.BluRay.x265.10bit.HDR.DDP5.1-RARBG,The.Lord.of.the.Rings.The.Return.Of.The.King.2003.EXTENDED.2160p.UHD.BluRay.x265.10bit.HDR.DDP5.1-RARBG
The Lord Of The Rings The War Of The Rohirrim,2024,1080p,/media/tushita/DATA/movies/The.Lord.Of.The.Rings.The.War.Of.The.Rohirrim.2024.1080p.WEBRip.10Bit.DDP5.1.x265-Asiimov/The.Lord.Of.The.Rings.The.War.Of.The.Rohirrim.2024.1080p.WEBRip.10Bit.DDP5.1.x265-Asiimov.mkv,The.Lord.Of.The.Rings.The.War.Of.The.Rohirrim.2024.1080p.WEBRip.10Bit.DDP5.1.x265-Asiimov/The.Lord.Of.The.Rings.The.War.Of.The.Rohirrim.2024.1080p.WEBRip.10Bit.DDP5.1.x265-Asiimov.mkv,The.Lord.Of.The.Rings.The.War.Of.The.Rohirrim.2024.1080p.WEBRip.10Bit.DDP5.1.x265-Asiimov,The.Lord.Of.The.Rings.The.War.Of.The.Rohirrim.2024.1080p.WEBRip.10Bit.DDP5.1.x265-Asiimov,The.Lord.Of.The.Rings.The.War.Of.The.Rohirrim.2024.1080p.WEBRip.10Bit.DDP5.1.x265-Asiimov
the tale of the princess kaguya,2013,hd,/media/tushita/DATA/movies/The.Tale.of.the.Princess.Kaguya.2013.BDRip.x264-PSYCHD[rarbg]/the.tale.of.the.princess.kaguya.2013.bdrip.x264-psychd.mkv,The.Tale.of.the.Princess.Kaguya.2013.BDRip.x264-PSYCHD[rarbg]/the.tale.of.the.princess.kaguya.2013.bdrip.x264-psychd.mkv,The.Tale.of.the.Princess.Kaguya.2013.BDRip.x264-PSYCHD[rarbg],The.Tale.of.the.Princess.Kaguya.2013.BDRip.x264-PSYCHD[rarbg],The.Tale.of.the.Princess.Kaguya.2013.BDRip.x264-PSYCHD[rarbg]
Thunderbolt And Lightfoot,1974,1080p,/media/tushita/DATA/movies/Thunderbolt And Lightfoot (1974) [REMASTERED] [1080p] [BluRay] [5.1] [YTS.MX]/Thunderbolt.And.Lightfoot.1974.REMASTERED.1080p.BluRay.x264.AAC5.1-[YTS.MX].mp4,Thunderbolt And Lightfoot (1974) [REMASTERED] [1080p] [BluRay] [5.1] [YTS.MX]/Thunderbolt.And.Lightfoot.1974.REMASTERED.1080p.BluRay.x264.AAC5.1-[YTS.MX].mp4,Thunderbolt And Lightfoot (1974) [REMASTERED] [1080p] [BluRay] [5.1] [YTS.MX],Thunderbolt And Lightfoot (1974) [REMASTERED] [1080p] [BluRay] [5.1] [YTS.MX],Thunderbolt And Lightfoot (1974) [REMASTERED] [1080p] [BluRay] [5.1] [YTS.MX]
Turbo A Power Rangers Movie,1997,1080p,/media/tushita/DATA/movies/Turbo A Power Rangers Movie (1997) [1080p] [BluRay] [5.1] [YTS.MX]/Turbo.A.Power.Rangers.Movie.1997.1080p.BluRay.x264.AAC5.1-[YTS.MX].mp4,Turbo A Power Rangers Movie (1997) [1080p] [BluRay] [5.1] [YTS.MX]/Turbo.A.Power.Rangers.Movie.1997.1080p.BluRay.x264.AAC5.1-[YTS.MX].mp4,Turbo A Power Rangers Movie (1997) [1080p] [BluRay] [5.1] [YTS.MX],Turbo A Power Rangers Movie (1997) [1080p] [BluRay] [5.1] [YTS.MX],Turbo A Power Rangers Movie (1997) [1080p] [BluRay] [5.1] [YTS.MX]
Wallace Gromit Vengeance Most Fowl,2024,1080p,/media/tushita/DATA/movies/Wallace Gromit Vengeance Most Fowl (2024) [1080p] [WEBRip] [x265] [10bit] [YTS.MX]/Wallace.Gromit.Vengeance.Most.Fowl.2024.1080p.WEBRip.x265.10bit.AAC-[YTS.MX].mp4,Wallace Gromit Vengeance Most Fowl (2024) [1080p] [WEBRip] [x265] [10bit] [YTS.MX]/Wallace.Gromit.Vengeance.Most.Fowl.2024.1080p.WEBRip.x265.10bit.AAC-[YTS.MX].mp4,Wallace Gromit Vengeance Most Fowl (2024) [1080p] [WEBRip] [x265] [10bit] [YTS.MX],Wallace Gromit Vengeance Most Fowl (2024) [1080p] [WEBRip] [x265] [10bit] [YTS.MX],Wallace Gromit Vengeance Most Fowl (2024) [1080p] [WEBRip] [x265] [10bit] [YTS.MX]
Wicked,2024,2160p,/media/tushita/DATA/movies/Wicked (2024) [2160p] [4K] [WEB] [5.1] [YTS.MX]/Wicked.2024.2160p.4K.WEB.x265.10bit.AAC5.1-[YTS.MX].mkv,Wicked (2024) [2160p] [4K] [WEB] [5.1] [YTS.MX]/Wicked.2024.2160p.4K.WEB.x265.10bit.AAC5.1-[YTS.MX].mkv,Wicked (2024) [2160p] [4K] [WEB] [5.1] [YTS.MX],Wicked (2024) [2160p] [4K] [WEB] [5.1] [YTS.MX],Wicked (2024) [2160p] [4K] [WEB] [5.1] [YTS.MX]
[Trix] Escaflowne The Movie,2000,1080p,/media/tushita/DATA/movies/[Trix] Escaflowne (Season 1 + Movie) - AV1/[Trix] Escaflowne The Movie (2000) (BD 1080p AV1).mkv,[Trix] Escaflowne (Season 1 + Movie) - AV1/[Trix] Escaflowne The Movie (2000) (BD 1080p AV1).mkv,[Trix] Escaflowne (Season 1 + Movie) - AV1,[Trix] Escaflowne (Season 1 + Movie) - AV1,[Trix] Escaflowne (Season 1 + Movie) - AV1
Rocky,1976,2160p,/media/tushita/DATA/movies/Rocky (1976) [2160p] [4K] [WEB] [5.1] [YTS.MX]/Rocky.1976.2160p.4K.WEB.x265.10bit.AAC5.1-[YTS.MX].mkv,Rocky (1976) [2160p] [4K] [WEB] [5.1] [YTS.MX]/Rocky.1976.2160p.4K.WEB.x265.10bit.AAC5.1-[YTS.MX].mkv,Rocky (1976) [2160p] [4K] [WEB] [5.1] [YTS.MX],Rocky (1976) [2160p] [4K] [WEB] [5.1] [YTS.MX],Rocky (1976) [2160p] [4K] [WEB] [5.1] [YTS.MX]
Rocky,1976,1080p,/media/tushita/DATA/movies/Rocky.1976.REMASTERED.1080p.BluRay.x265-RARBG/Rocky.1976.REMASTERED.1080p.BluRay.x265-RARBG.mp4,Rocky.1976.REMASTERED.1080p.BluRay.x265-RARBG/Rocky.1976.REMASTERED.1080p.BluRay.x265-RARBG.mp4,Rocky.1976.REMASTERED.1080p.BluRay.x265-RARBG,Rocky.1976.REMASTERED.1080p.BluRay.x265-RARBG,Rocky.1976.REMASTERED.1080p.BluRay.x265-RARBG
Roman Holiday,1953,1080p,/media/tushita/DATA/movies/Roman Holiday (1953) [1080p] [BluRay] [YTS.MX]/Roman.Holiday.1953.1080p.BluRay.x264.AAC-[YTS.MX].mp4,Roman Holiday (1953) [1080p] [BluRay] [YTS.MX]/Roman.Holiday.1953.1080p.BluRay.x264.AAC-[YTS.MX].mp4,Roman Holiday (1953) [1080p] [BluRay] [YTS.MX],Roman Holiday (1953) [1080p] [BluRay] [YTS.MX],Roman Holiday (1953) [1080p] [BluRay] [YTS.MX]
Sing Thriller,2024,1080p,/media/tushita/DATA/movies/Sing Thriller (2024) [1080p] [WEBRip] [5.1] [YTS.MX]/Sing.Thriller.2024.1080p.WEBRip.x264.AAC5.1-[YTS.MX].mp4,Sing Thriller (2024) [1080p] [WEBRip] [5.1] [YTS.MX]/Sing.Thriller.2024.1080p.WEBRip.x264.AAC5.1-[YTS.MX].mp4,Sing Thriller (2024) [1080p] [WEBRip] [5.1] [YTS.MX],Sing Thriller (2024) [1080p] [WEBRip] [5.1] [YTS.MX],Sing Thriller (2024) [1080p] [WEBRip] [5.1] [YTS.MX]
